{"nm":"Lolo_Walking","mn":"","layers":[{"ty":3,"nm":"Face_CTRL","mn":"","sr":1,"st":0,"op":96,"ip":0,"hd":false,"cl":"","ln":"","ddd":0,"bm":0,"hasMask":false,"ao":0,"ks":{"a":{"a":0,"k":[0,0,0],"ix":1},"s":{"a":0,"k":[100,100,100],"ix":6},"sk":{"a":0,"k":0},"p":{"a":1,"k":[{"o":{"x":0.333,"y":0},"i":{"x":0.833,"y":0.833},"s":[20.648,-422.783,0],"t":2,"ti":[0,0,0],"to":[0,0,0]},{"o":{"x":0.167,"y":0.167},"i":{"x":0.667,"y":1},"s":[0,-384.518,0],"t":8,"ti":[0,0,0],"to":[0,0,0]},{"o":{"x":0.333,"y":0},"i":{"x":0.833,"y":0.833},"s":[-20.648,-422.783,0],"t":14,"ti":[0,0,0],"to":[0,0,0]},{"o":{"x":0.167,"y":0.167},"i":{"x":0.667,"y":1},"s":[0,-384.518,0],"t":20,"ti":[0,0,0],"to":[0,0,0]},{"o":{"x":0.333,"y":0},"i":{"x":0.833,"y":0.833},"s":[20.648,-422.783,0],"t":26,"ti":[0,0,0],"to":[0,0,0]},{"o":{"x":0.167,"y":0.167},"i":{"x":0.667,"y":1},"s":[0,-384.518,0],"t":32,"ti":[0,0,0],"to":[0,0,0]},{"o":{"x":0.333,"y":0},"i":{"x":0.833,"y":0.833},"s":[-20.648,-422.783,0],"t":38,"ti":[0,0,0],"to":[0,0,0]},{"o":{"x":0.167,"y":0.167},"i":{"x":0.667,"y":1},"s":[0,-384.518,0],"t":44,"ti":[0,0,0],"to":[0,0,0]},{"o":{"x":0.167,"y":0.167},"i":{"x":0.833,"y":0.833},"s":[20.648,-422.783,0],"t":50}],"ix":2},"r":{"a":1,"k":[{"o":{"x":0.333,"y":0},"i":{"x":0.667,"y":1},"s":[7],"t":2},{"o":{"x":0.333,"y":0},"i":{"x":0.667,"y":1},"s":[-7],"t":14},{"o":{"x":0.333,"y":0},"i":{"x":0.667,"y":1},"s":[7],"t":26},{"o":{"x":0.333,"y":0},"i":{"x":0.667,"y":1},"s":[-7],"t":38},{"o":{"x":0.167,"y":0.167},"i":{"x":0.833,"y":0.833},"s":[7],"t":50}],"ix":10},"sa":{"a":0,"k":0},"o":{"a":0,"k":0,"ix":11}},"ef":[],"ind":1,"parent":2},{"ty":3,"nm":"Master_CTRL","mn":"","sr":1,"st":0,"op":96,"ip":0,"hd":false,"cl":"","ln":"","ddd":0,"bm":0,"hasMask":false,"ao":0,"ks":{"a":{"a":0,"k":[0,0,0],"ix":1},"s":{"a":1,"k":[{"o":{"x":0.333,"y":0},"i":{"x":0.833,"y":0.833},"s":[95,105,100],"t":12},{"o":{"x":0.167,"y":0.167},"i":{"x":0.667,"y":1},"s":[105,95,100],"t":18},{"o":{"x":0.333,"y":0},"i":{"x":0.833,"y":0.833},"s":[95,105,100],"t":24},{"o":{"x":0.167,"y":0.167},"i":{"x":0.667,"y":1},"s":[105,95,100],"t":30},{"o":{"x":0.167,"y":0.167},"i":{"x":0.833,"y":0.833},"s":[95,105,100],"t":36}],"ix":6},"sk":{"a":0,"k":0},"p":{"a":0,"k":[500,798,0],"ix":2},"r":{"a":0,"k":0,"ix":10},"sa":{"a":0,"k":0},"o":{"a":0,"k":0,"ix":11}},"ef":[],"ind":2},{"ty":4,"nm":"Closed_Eyes 2","mn":"","sr":1,"st":0,"op":21,"ip":18,"hd":false,"cl":"","ln":"","ddd":0,"bm":0,"hasMask":false,"ao":0,"ks":{"a":{"a":0,"k":[397.993,289.199,0],"ix":1},"s":{"a":0,"k":[100,100,100],"ix":6},"sk":{"a":0,"k":0},"p":{"a":0,"k":[-2.007,-24.801,0],"ix":2},"r":{"a":0,"k":0,"ix":10},"sa":{"a":0,"k":0},"o":{"a":0,"k":100,"ix":11}},"ef":[],"shapes":[{"ty":"gr","bm":0,"cl":"","ln":"","hd":false,"mn":"ADBE Vector Group","nm":"Group 1","ix":1,"cix":2,"np":2,"it":[{"ty":"sh","bm":0,"cl":"","ln":"","hd":false,"mn":"ADBE Vector Shape - Group","nm":"Path 1","ix":1,"d":1,"ks":{"a":0,"k":{"c":false,"i":[[-9.517,10.423],[-16.396,-14.97]],"o":[[14.97,-16.396],[12.678,11.576]],"v":[[-29.228,5.884],[29.228,5.884]]},"ix":2}},{"ty":"st","bm":0,"cl":"","ln":"","hd":false,"mn":"ADBE Vector Graphic - Stroke","nm":"Stroke 1","lc":2,"lj":1,"ml":10,"o":{"a":0,"k":100,"ix":4},"w":{"a":0,"k":20,"ix":5},"d":[],"c":{"a":0,"k":[0.051,0.0706,0.0902],"ix":3}},{"ty":"tr","a":{"a":0,"k":[0,0],"ix":1},"s":{"a":0,"k":[100,100],"ix":3},"sk":{"a":0,"k":0,"ix":4},"p":{"a":0,"k":[536.546,289.199],"ix":2},"r":{"a":0,"k":0,"ix":6},"sa":{"a":0,"k":0,"ix":5},"o":{"a":0,"k":100,"ix":7}}]},{"ty":"gr","bm":0,"cl":"","ln":"","hd":false,"mn":"ADBE Vector Group","nm":"Group 2","ix":2,"cix":2,"np":2,"it":[{"ty":"sh","bm":0,"cl":"","ln":"","hd":false,"mn":"ADBE Vector Shape - Group","nm":"Path 1","ix":1,"d":1,"ks":{"a":0,"k":{"c":false,"i":[[-9.517,10.423],[-16.396,-14.97]],"o":[[14.97,-16.396],[12.678,11.576]],"v":[[-29.228,5.884],[29.228,5.884]]},"ix":2}},{"ty":"st","bm":0,"cl":"","ln":"","hd":false,"mn":"ADBE Vector Graphic - Stroke","nm":"Stroke 1","lc":2,"lj":1,"ml":10,"o":{"a":0,"k":100,"ix":4},"w":{"a":0,"k":20,"ix":5},"d":[],"c":{"a":0,"k":[0.051,0.0706,0.0902],"ix":3}},{"ty":"tr","a":{"a":0,"k":[0,0],"ix":1},"s":{"a":0,"k":[100,100],"ix":3},"sk":{"a":0,"k":0,"ix":4},"p":{"a":0,"k":[259.439,289.199],"ix":2},"r":{"a":0,"k":0,"ix":6},"sa":{"a":0,"k":0,"ix":5},"o":{"a":0,"k":100,"ix":7}}]}],"ind":3,"parent":1},{"ty":4,"nm":"Eyes 2","mn":"","sr":1,"st":3,"op":99,"ip":21,"hd":false,"cl":"","ln":"","ddd":0,"bm":0,"hasMask":false,"ao":0,"ks":{"a":{"a":0,"k":[397.878,283.385,0],"ix":1},"s":{"a":0,"k":[100,100,100],"ix":6},"sk":{"a":0,"k":0},"p":{"a":0,"k":[-2.122,-30.615,0],"ix":2},"r":{"a":0,"k":0,"ix":10},"sa":{"a":0,"k":0},"o":{"a":0,"k":100,"ix":11}},"ef":[],"shapes":[{"ty":"gr","bm":0,"cl":"","ln":"","hd":false,"mn":"ADBE Vector Group","nm":"Group 1","ix":1,"cix":2,"np":2,"it":[{"ty":"sh","bm":0,"cl":"","ln":"","hd":false,"mn":"ADBE Vector Shape - Group","nm":"Path 1","ix":1,"d":1,"ks":{"a":0,"k":{"c":true,"i":[[-13.569,0],[0,13.568],[13.566,0],[0,-13.568]],"o":[[13.566,0],[0,-13.568],[-13.569,0],[0,13.568]],"v":[[0.001,24.567],[24.566,0],[0.001,-24.567],[-24.566,0]]},"ix":2}},{"ty":"fl","bm":0,"cl":"","ln":"","hd":false,"mn":"ADBE Vector Graphic - Fill","nm":"Fill 1","c":{"a":0,"k":[0,0,0],"ix":4},"r":1,"o":{"a":0,"k":100,"ix":5}},{"ty":"tr","a":{"a":0,"k":[0,0],"ix":1},"s":{"a":0,"k":[100,100],"ix":3},"sk":{"a":0,"k":0,"ix":4},"p":{"a":0,"k":[536.546,283.385],"ix":2},"r":{"a":0,"k":0,"ix":6},"sa":{"a":0,"k":0,"ix":5},"o":{"a":0,"k":100,"ix":7}}]},{"ty":"gr","bm":0,"cl":"","ln":"","hd":false,"mn":"ADBE Vector Group","nm":"Group 2","ix":2,"cix":2,"np":2,"it":[{"ty":"sh","bm":0,"cl":"","ln":"","hd":false,"mn":"ADBE Vector Shape - Group","nm":"Path 1","ix":1,"d":1,"ks":{"a":0,"k":{"c":true,"i":[[-13.566,0],[0,13.568],[13.569,0],[0,-13.568]],"o":[[13.569,0],[0,-13.568],[-13.566,0],[0,13.568]],"v":[[-0.001,24.567],[24.566,0],[-0.001,-24.567],[-24.566,0]]},"ix":2}},{"ty":"fl","bm":0,"cl":"","ln":"","hd":false,"mn":"ADBE Vector Graphic - Fill","nm":"Fill 1","c":{"a":0,"k":[0,0,0],"ix":4},"r":1,"o":{"a":0,"k":100,"ix":5}},{"ty":"tr","a":{"a":0,"k":[0,0],"ix":1},"s":{"a":0,"k":[100,100],"ix":3},"sk":{"a":0,"k":0,"ix":4},"p":{"a":0,"k":[259.21,283.385],"ix":2},"r":{"a":0,"k":0,"ix":6},"sa":{"a":0,"k":0,"ix":5},"o":{"a":0,"k":100,"ix":7}}]}],"ind":4,"parent":1},{"ty":4,"nm":"Eyes","mn":"","sr":1,"st":0,"op":18,"ip":0,"hd":false,"cl":"","ln":"","ddd":0,"bm":0,"hasMask":false,"ao":0,"ks":{"a":{"a":0,"k":[397.878,283.385,0],"ix":1},"s":{"a":0,"k":[100,100,100],"ix":6},"sk":{"a":0,"k":0},"p":{"a":0,"k":[-2.122,-30.615,0],"ix":2},"r":{"a":0,"k":0,"ix":10},"sa":{"a":0,"k":0},"o":{"a":0,"k":100,"ix":11}},"ef":[],"shapes":[{"ty":"gr","bm":0,"cl":"","ln":"","hd":false,"mn":"ADBE Vector Group","nm":"Group 1","ix":1,"cix":2,"np":2,"it":[{"ty":"sh","bm":0,"cl":"","ln":"","hd":false,"mn":"ADBE Vector Shape - Group","nm":"Path 1","ix":1,"d":1,"ks":{"a":0,"k":{"c":true,"i":[[-13.569,0],[0,13.568],[13.566,0],[0,-13.568]],"o":[[13.566,0],[0,-13.568],[-13.569,0],[0,13.568]],"v":[[0.001,24.567],[24.566,0],[0.001,-24.567],[-24.566,0]]},"ix":2}},{"ty":"fl","bm":0,"cl":"","ln":"","hd":false,"mn":"ADBE Vector Graphic - Fill","nm":"Fill 1","c":{"a":0,"k":[0,0,0],"ix":4},"r":1,"o":{"a":0,"k":100,"ix":5}},{"ty":"tr","a":{"a":0,"k":[0,0],"ix":1},"s":{"a":0,"k":[100,100],"ix":3},"sk":{"a":0,"k":0,"ix":4},"p":{"a":0,"k":[536.546,283.385],"ix":2},"r":{"a":0,"k":0,"ix":6},"sa":{"a":0,"k":0,"ix":5},"o":{"a":0,"k":100,"ix":7}}]},{"ty":"gr","bm":0,"cl":"","ln":"","hd":false,"mn":"ADBE Vector Group","nm":"Group 2","ix":2,"cix":2,"np":2,"it":[{"ty":"sh","bm":0,"cl":"","ln":"","hd":false,"mn":"ADBE Vector Shape - Group","nm":"Path 1","ix":1,"d":1,"ks":{"a":0,"k":{"c":true,"i":[[-13.566,0],[0,13.568],[13.569,0],[0,-13.568]],"o":[[13.569,0],[0,-13.568],[-13.566,0],[0,13.568]],"v":[[-0.001,24.567],[24.566,0],[-0.001,-24.567],[-24.566,0]]},"ix":2}},{"ty":"fl","bm":0,"cl":"","ln":"","hd":false,"mn":"ADBE Vector Graphic - Fill","nm":"Fill 1","c":{"a":0,"k":[0,0,0],"ix":4},"r":1,"o":{"a":0,"k":100,"ix":5}},{"ty":"tr","a":{"a":0,"k":[0,0],"ix":1},"s":{"a":0,"k":[100,100],"ix":3},"sk":{"a":0,"k":0,"ix":4},"p":{"a":0,"k":[259.21,283.385],"ix":2},"r":{"a":0,"k":0,"ix":6},"sa":{"a":0,"k":0,"ix":5},"o":{"a":0,"k":100,"ix":7}}]}],"ind":5,"parent":1},{"ty":4,"nm":"Mouth","mn":"","sr":1,"st":0,"op":96,"ip":0,"hd":false,"cl":"","ln":"","ddd":0,"bm":0,"hasMask":false,"ao":0,"ks":{"a":{"a":0,"k":[0,0,0],"ix":1},"s":{"a":0,"k":[100,100,100],"ix":6},"sk":{"a":0,"k":0},"p":{"a":0,"k":[0.35,38.069,0],"ix":2},"r":{"a":0,"k":0,"ix":10},"sa":{"a":0,"k":0},"o":{"a":0,"k":100,"ix":11}},"ef":[],"shapes":[{"ty":"gr","bm":0,"cl":"","ln":"","hd":false,"mn":"ADBE Vector Group","nm":"Group 1","ix":1,"cix":2,"np":2,"it":[{"ty":"sh","bm":0,"cl":"","ln":"","hd":false,"mn":"ADBE Vector Shape - Group","nm":"Path 1","ix":1,"d":1,"ks":{"a":0,"k":{"c":false,"i":[[-62.348,-41.943],[-52.911,31.724]],"o":[[52.277,35.168],[65.343,-39.178]],"v":[[-83.643,-12.551],[83.643,-12.551]]},"ix":2}},{"ty":"st","bm":0,"cl":"","ln":"","hd":false,"mn":"ADBE Vector Graphic - Stroke","nm":"Stroke 1","lc":2,"lj":1,"ml":10,"o":{"a":0,"k":100,"ix":4},"w":{"a":0,"k":28,"ix":5},"d":[],"c":{"a":0,"k":[0,0,0],"ix":3}},{"ty":"tr","a":{"a":0,"k":[0,0],"ix":1},"s":{"a":0,"k":[100,100],"ix":3},"sk":{"a":0,"k":0,"ix":4},"p":{"a":0,"k":[0,0],"ix":2},"r":{"a":0,"k":0,"ix":6},"sa":{"a":0,"k":0,"ix":5},"o":{"a":0,"k":100,"ix":7}}]}],"ind":6,"parent":1},{"ty":4,"nm":"R_Arm","mn":"","sr":1,"st":0,"op":96,"ip":0,"hd":false,"cl":"","ln":"","ddd":0,"bm":0,"hasMask":false,"ao":0,"ks":{"a":{"a":0,"k":[99.445,-97.888,0],"ix":1},"s":{"a":0,"k":[100,100,100],"ix":6},"sk":{"a":0,"k":0},"p":{"a":1,"k":[{"o":{"x":0.333,"y":0},"i":{"x":0.667,"y":1},"s":[-211.135,-279.663,0],"t":2,"ti":[0,0,0],"to":[0,0,0]},{"o":{"x":0.333,"y":0},"i":{"x":0.667,"y":1},"s":[-252.431,-279.663,0],"t":14,"ti":[0,0,0],"to":[0,0,0]},{"o":{"x":0.333,"y":0},"i":{"x":0.667,"y":1},"s":[-211.135,-279.663,0],"t":26,"ti":[0,0,0],"to":[0,0,0]},{"o":{"x":0.333,"y":0},"i":{"x":0.667,"y":1},"s":[-252.431,-279.663,0],"t":38,"ti":[0,0,0],"to":[0,0,0]},{"o":{"x":0.167,"y":0.167},"i":{"x":0.833,"y":0.833},"s":[-211.135,-279.663,0],"t":50}],"ix":2},"r":{"a":1,"k":[{"o":{"x":0.333,"y":0},"i":{"x":0.667,"y":1},"s":[0],"t":-10},{"o":{"x":0.333,"y":0},"i":{"x":0.667,"y":1},"s":[-84],"t":2},{"o":{"x":0.333,"y":0},"i":{"x":0.667,"y":1},"s":[0],"t":14},{"o":{"x":0.333,"y":0},"i":{"x":0.667,"y":1},"s":[-84],"t":26},{"o":{"x":0.167,"y":0.167},"i":{"x":0.833,"y":0.833},"s":[0],"t":38}],"ix":10},"sa":{"a":0,"k":0},"o":{"a":0,"k":100,"ix":11}},"ef":[],"shapes":[{"ty":"gr","bm":0,"cl":"","ln":"","hd":false,"mn":"ADBE Vector Group","nm":"Group 1","ix":1,"cix":2,"np":2,"it":[{"ty":"sh","bm":0,"cl":"","ln":"","hd":false,"mn":"ADBE Vector Shape - Group","nm":"Path 1","ix":1,"d":1,"ks":{"a":1,"k":[{"o":{"x":0.167,"y":0.167},"i":{"x":0.833,"y":0.833},"s":[{"c":false,"i":[[52.441,12.175],[77.703,10.693]],"o":[[-67.01,-15.558],[-97.583,-13.429]],"v":[[99.445,-97.102],[-99.445,97.511]]}],"t":12},{"o":{"x":0.167,"y":0.167},"i":{"x":0.833,"y":0.833},"s":[{"c":false,"i":[[36.388,-39.676],[77.703,10.693]],"o":[[-87.122,94.995],[-97.583,-13.429]],"v":[[99.445,-97.102],[-152.853,21.126]]}],"t":19},{"o":{"x":0.167,"y":0.167},"i":{"x":0.833,"y":0.833},"s":[{"c":false,"i":[[48.198,-23.984],[38.337,-49.273]],"o":[[-89.268,44.421],[-60.488,77.743]],"v":[[99.445,-97.102],[-99.445,97.511]]}],"t":26},{"o":{"x":0.167,"y":0.167},"i":{"x":0.833,"y":0.833},"s":[{"c":false,"i":[[48.198,-23.984],[-19.967,-98.892]],"o":[[-89.268,44.421],[19.495,96.554]],"v":[[99.445,-97.102],[-64.753,122.307]]}],"t":31},{"o":{"x":0.167,"y":0.167},"i":{"x":0.833,"y":0.833},"s":[{"c":false,"i":[[52.441,12.175],[77.703,10.693]],"o":[[-67.01,-15.558],[-97.583,-13.429]],"v":[[99.445,-97.102],[-99.445,97.511]]}],"t":36}],"ix":2}},{"ty":"st","bm":0,"cl":"","ln":"","hd":false,"mn":"ADBE Vector Graphic - Stroke","nm":"Stroke 1","lc":2,"lj":2,"ml":1,"o":{"a":0,"k":100,"ix":4},"w":{"a":0,"k":48,"ix":5},"d":[],"c":{"a":0,"k":[0,0,0],"ix":3}},{"ty":"tr","a":{"a":0,"k":[0,0],"ix":1},"s":{"a":0,"k":[100,100],"ix":3},"sk":{"a":0,"k":0,"ix":4},"p":{"a":0,"k":[0,0],"ix":2},"r":{"a":0,"k":0,"ix":6},"sa":{"a":0,"k":0,"ix":5},"o":{"a":0,"k":100,"ix":7}}]}],"ind":7,"parent":2},{"ty":4,"nm":"Outline","mn":"","sr":1,"st":0,"op":96,"ip":0,"hd":false,"cl":"","ln":"","ddd":0,"bm":0,"hasMask":false,"ao":0,"ks":{"a":{"a":0,"k":[0,0,0],"ix":1},"s":{"a":0,"k":[100,100,100],"ix":6},"sk":{"a":0,"k":0},"p":{"a":0,"k":[0,-298,0],"ix":2},"r":{"a":0,"k":0,"ix":10},"sa":{"a":0,"k":0},"o":{"a":0,"k":100,"ix":11}},"ef":[],"shapes":[{"ty":"gr","bm":0,"cl":"","ln":"","hd":false,"mn":"ADBE Vector Group","nm":"Group 1","ix":1,"cix":2,"np":2,"it":[{"ty":"sh","bm":0,"cl":"","ln":"","hd":false,"mn":"ADBE Vector Shape - Group","nm":"Path 1","ix":1,"d":1,"ks":{"a":1,"k":[{"o":{"x":0.333,"y":0},"i":{"x":0.833,"y":0.833},"s":[{"c":true,"i":[[19.419,-0.031],[0,0],[13.72,13.741],[0,19.419],[4.442,55.381],[13.845,75.65],[-12.578,14.795],[-19.354,1.584],[0,0],[-14.775,-12.602],[-7.811,-29.999],[-9.887,-136.734],[0,0],[13.719,-13.744]],"o":[[0,0],[-19.419,-0.031],[-13.72,-13.744],[0,0],[-4.442,-55.38],[-4.729,-25.841],[12.578,-14.795],[0,0],[19.36,-1.522],[14.774,12.601],[8.654,33.235],[11.614,160.614],[0,19.419],[-13.721,13.741]],"v":[[219.109,295.247],[-223.715,295.247],[-275.467,273.739],[-296.894,221.952],[-302.355,24.048],[-332.792,-210.031],[-318.733,-265.27],[-265.708,-288.943],[169.383,-333.874],[222.691,-316.571],[248.189,-266.663],[278.913,-28.329],[292.289,221.952],[270.863,273.739]]}],"t":12},{"o":{"x":0.167,"y":0.167},"i":{"x":0.667,"y":1},"s":[{"c":true,"i":[[19.419,-0.031],[0,0],[13.72,13.741],[0,19.419],[0,183.938],[0,0],[-13.72,13.742],[-19.419,0.031],[0,0],[-13.721,-13.742],[0,-19.419],[0,-142],[0,0],[13.719,-13.744]],"o":[[0,0],[-19.419,-0.031],[-13.72,-13.744],[0,0],[0,-119.22],[0,-19.419],[13.72,-13.742],[0,0],[19.419,0.031],[13.719,13.742],[0,0],[0,129.579],[0,19.419],[-13.721,13.741]],"v":[[219.109,295.247],[-223.715,295.247],[-275.467,273.739],[-300.703,221.952],[-312.132,0.378],[-300.703,-222.515],[-275.467,-274.302],[-223.715,-295.811],[219.109,-295.811],[270.863,-274.302],[292.289,-222.515],[307.527,12.632],[292.289,221.952],[270.863,273.739]]}],"t":18},{"o":{"x":0.333,"y":0},"i":{"x":0.833,"y":0.833},"s":[{"c":true,"i":[[19.419,-0.031],[0,0],[13.72,13.741],[0,19.419],[-13.398,159.271],[-15.538,65.76],[-14.476,12.944],[-19.39,-1.068],[0,0],[-12.921,-14.497],[1.069,-30.981],[10.013,-136.725],[0,0],[13.719,-13.744]],"o":[[0,0],[-19.419,-0.031],[-13.72,-13.744],[0,0],[8.524,-101.335],[6.041,-25.567],[14.476,-12.944],[0,0],[19.386,1.13],[12.92,14.496],[-1.069,30.981],[-7.801,106.524],[0,19.419],[-13.721,13.741]],"v":[[219.109,295.247],[-223.715,295.247],[-275.467,273.739],[-296.894,221.952],[-301.156,-19.712],[-266.568,-261.094],[-241.193,-313.49],[-189.36,-330.133],[252.755,-295.559],[306.368,-274.013],[321.672,-218.24],[299.576,19.388],[292.289,221.952],[270.863,273.739]]}],"t":24},{"o":{"x":0.167,"y":0.167},"i":{"x":0.667,"y":1},"s":[{"c":true,"i":[[19.419,-0.031],[0,0],[13.72,13.741],[0,19.419],[0,183.938],[0,0],[-13.72,13.742],[-19.419,0.031],[0,0],[-13.721,-13.742],[0,-19.419],[0,-142],[0,0],[13.719,-13.744]],"o":[[0,0],[-19.419,-0.031],[-13.72,-13.744],[0,0],[0,-119.22],[0,-19.419],[13.72,-13.742],[0,0],[19.419,0.031],[13.719,13.742],[0,0],[0,129.579],[0,19.419],[-13.721,13.741]],"v":[[219.109,295.247],[-223.715,295.247],[-275.467,273.739],[-300.703,221.952],[-312.132,0.378],[-300.703,-222.515],[-275.467,-274.302],[-223.715,-295.811],[219.109,-295.811],[270.863,-274.302],[292.289,-222.515],[307.527,12.632],[292.289,221.952],[270.863,273.739]]}],"t":30},{"o":{"x":0.167,"y":0.167},"i":{"x":0.833,"y":0.833},"s":[{"c":true,"i":[[19.419,-0.031],[0,0],[13.72,13.741],[0,19.419],[4.442,55.381],[13.845,75.65],[-12.578,14.795],[-19.354,1.584],[0,0],[-14.775,-12.602],[-7.811,-29.999],[-9.887,-136.734],[0,0],[13.719,-13.744]],"o":[[0,0],[-19.419,-0.031],[-13.72,-13.744],[0,0],[-4.442,-55.38],[-4.729,-25.841],[12.578,-14.795],[0,0],[19.36,-1.522],[14.774,12.601],[8.654,33.235],[11.614,160.614],[0,19.419],[-13.721,13.741]],"v":[[219.109,295.247],[-223.715,295.247],[-275.467,273.739],[-296.894,221.952],[-302.355,24.048],[-332.792,-210.031],[-318.733,-265.27],[-265.708,-288.943],[169.383,-333.874],[222.691,-316.571],[248.189,-266.663],[278.913,-28.329],[292.289,221.952],[270.863,273.739]]}],"t":36}],"ix":2}},{"ty":"st","bm":0,"cl":"","ln":"","hd":false,"mn":"ADBE Vector Graphic - Stroke","nm":"Stroke 1","lc":1,"lj":1,"ml":10,"o":{"a":0,"k":100,"ix":4},"w":{"a":0,"k":20,"ix":5},"d":[],"c":{"a":0,"k":[0,0,0],"ix":3}},{"ty":"tr","a":{"a":0,"k":[0,0],"ix":1},"s":{"a":0,"k":[100,100],"ix":3},"sk":{"a":0,"k":0,"ix":4},"p":{"a":0,"k":[0,0],"ix":2},"r":{"a":0,"k":0,"ix":6},"sa":{"a":0,"k":0,"ix":5},"o":{"a":0,"k":100,"ix":7}}]}],"ind":8,"parent":2},{"ty":4,"nm":"Fill","mn":"","sr":1,"st":0,"op":96,"ip":0,"hd":false,"cl":"","ln":"","ddd":0,"bm":0,"hasMask":false,"ao":0,"ks":{"a":{"a":0,"k":[0,0,0],"ix":1},"s":{"a":0,"k":[100,100,100],"ix":6},"sk":{"a":0,"k":0},"p":{"a":0,"k":[0,-298,0],"ix":2},"r":{"a":0,"k":0,"ix":10},"sa":{"a":0,"k":0},"o":{"a":0,"k":100,"ix":11}},"ef":[],"shapes":[{"ty":"gr","bm":0,"cl":"","ln":"","hd":false,"mn":"ADBE Vector Group","nm":"Group 1","ix":1,"cix":2,"np":2,"it":[{"ty":"sh","bm":0,"cl":"","ln":"","hd":false,"mn":"ADBE Vector Shape - Group","nm":"Path 1","ix":1,"d":1,"ks":{"a":1,"k":[{"o":{"x":0.333,"y":0},"i":{"x":0.833,"y":0.833},"s":[{"c":true,"i":[[19.419,-0.031],[0,0],[13.72,13.741],[0,19.419],[4.442,55.381],[13.845,75.65],[-12.578,14.795],[-19.354,1.584],[0,0],[-14.775,-12.602],[-7.811,-29.999],[-9.887,-136.734],[0,0],[13.719,-13.744]],"o":[[0,0],[-19.419,-0.031],[-13.72,-13.744],[0,0],[-4.442,-55.38],[-4.729,-25.841],[12.578,-14.795],[0,0],[19.36,-1.522],[14.774,12.601],[8.654,33.235],[11.614,160.614],[0,19.419],[-13.721,13.741]],"v":[[219.109,295.247],[-223.715,295.247],[-275.467,273.739],[-296.894,221.952],[-302.355,24.048],[-332.792,-210.031],[-318.733,-265.27],[-265.708,-288.943],[169.383,-333.874],[222.691,-316.571],[248.189,-266.663],[278.913,-28.329],[292.289,221.952],[270.863,273.739]]}],"t":12},{"o":{"x":0.167,"y":0.167},"i":{"x":0.667,"y":1},"s":[{"c":true,"i":[[19.419,-0.031],[0,0],[13.72,13.741],[0,19.419],[0,183.938],[0,0],[-13.72,13.742],[-19.419,0.031],[0,0],[-13.721,-13.742],[0,-19.419],[0,-142],[0,0],[13.719,-13.744]],"o":[[0,0],[-19.419,-0.031],[-13.72,-13.744],[0,0],[0,-119.22],[0,-19.419],[13.72,-13.742],[0,0],[19.419,0.031],[13.719,13.742],[0,0],[0,129.579],[0,19.419],[-13.721,13.741]],"v":[[219.109,295.247],[-223.715,295.247],[-275.467,273.739],[-300.703,221.952],[-312.132,0.378],[-300.703,-222.515],[-275.467,-274.302],[-223.715,-295.811],[219.109,-295.811],[270.863,-274.302],[292.289,-222.515],[307.527,12.632],[292.289,221.952],[270.863,273.739]]}],"t":18},{"o":{"x":0.333,"y":0},"i":{"x":0.833,"y":0.833},"s":[{"c":true,"i":[[19.419,-0.031],[0,0],[13.72,13.741],[0,19.419],[-13.398,159.271],[-15.538,65.76],[-14.476,12.944],[-19.39,-1.068],[0,0],[-12.921,-14.497],[1.069,-30.981],[10.013,-136.725],[0,0],[13.719,-13.744]],"o":[[0,0],[-19.419,-0.031],[-13.72,-13.744],[0,0],[8.524,-101.335],[6.041,-25.567],[14.476,-12.944],[0,0],[19.386,1.13],[12.92,14.496],[-1.069,30.981],[-7.801,106.524],[0,19.419],[-13.721,13.741]],"v":[[219.109,295.247],[-223.715,295.247],[-275.467,273.739],[-296.894,221.952],[-301.156,-19.712],[-266.568,-261.094],[-241.193,-313.49],[-189.36,-330.133],[252.755,-295.559],[306.368,-274.013],[321.672,-218.24],[299.576,19.388],[292.289,221.952],[270.863,273.739]]}],"t":24},{"o":{"x":0.167,"y":0.167},"i":{"x":0.667,"y":1},"s":[{"c":true,"i":[[19.419,-0.031],[0,0],[13.72,13.741],[0,19.419],[0,183.938],[0,0],[-13.72,13.742],[-19.419,0.031],[0,0],[-13.721,-13.742],[0,-19.419],[0,-142],[0,0],[13.719,-13.744]],"o":[[0,0],[-19.419,-0.031],[-13.72,-13.744],[0,0],[0,-119.22],[0,-19.419],[13.72,-13.742],[0,0],[19.419,0.031],[13.719,13.742],[0,0],[0,129.579],[0,19.419],[-13.721,13.741]],"v":[[219.109,295.247],[-223.715,295.247],[-275.467,273.739],[-300.703,221.952],[-312.132,0.378],[-300.703,-222.515],[-275.467,-274.302],[-223.715,-295.811],[219.109,-295.811],[270.863,-274.302],[292.289,-222.515],[307.527,12.632],[292.289,221.952],[270.863,273.739]]}],"t":30},{"o":{"x":0.167,"y":0.167},"i":{"x":0.833,"y":0.833},"s":[{"c":true,"i":[[19.419,-0.031],[0,0],[13.72,13.741],[0,19.419],[4.442,55.381],[13.845,75.65],[-12.578,14.795],[-19.354,1.584],[0,0],[-14.775,-12.602],[-7.811,-29.999],[-9.887,-136.734],[0,0],[13.719,-13.744]],"o":[[0,0],[-19.419,-0.031],[-13.72,-13.744],[0,0],[-4.442,-55.38],[-4.729,-25.841],[12.578,-14.795],[0,0],[19.36,-1.522],[14.774,12.601],[8.654,33.235],[11.614,160.614],[0,19.419],[-13.721,13.741]],"v":[[219.109,295.247],[-223.715,295.247],[-275.467,273.739],[-296.894,221.952],[-302.355,24.048],[-332.792,-210.031],[-318.733,-265.27],[-265.708,-288.943],[169.383,-333.874],[222.691,-316.571],[248.189,-266.663],[278.913,-28.329],[292.289,221.952],[270.863,273.739]]}],"t":36}],"ix":2}},{"ty":"fl","bm":0,"cl":"","ln":"","hd":false,"mn":"ADBE Vector Graphic - Fill","nm":"Fill 1","c":{"a":0,"k":[0.5765,0.698,0.9961],"ix":4},"r":1,"o":{"a":0,"k":100,"ix":5}},{"ty":"tr","a":{"a":0,"k":[0,0],"ix":1},"s":{"a":0,"k":[100,100],"ix":3},"sk":{"a":0,"k":0,"ix":4},"p":{"a":0,"k":[0,0],"ix":2},"r":{"a":0,"k":0,"ix":6},"sa":{"a":0,"k":0,"ix":5},"o":{"a":0,"k":100,"ix":7}}]}],"ind":9,"parent":2},{"ty":4,"nm":"L_Arm","mn":"","sr":1,"st":0,"op":96,"ip":0,"hd":false,"cl":"","ln":"","ddd":0,"bm":0,"hasMask":false,"ao":0,"ks":{"a":{"a":0,"k":[-99.445,-97.888,0],"ix":1},"s":{"a":0,"k":[100,100,100],"ix":6},"sk":{"a":0,"k":0},"p":{"a":0,"k":[210.973,-311.929,0],"ix":2},"r":{"a":1,"k":[{"o":{"x":0.333,"y":0},"i":{"x":0.667,"y":1},"s":[88],"t":2},{"o":{"x":0.333,"y":0},"i":{"x":0.667,"y":1},"s":[4],"t":14},{"o":{"x":0.333,"y":0},"i":{"x":0.667,"y":1},"s":[88],"t":26},{"o":{"x":0.333,"y":0},"i":{"x":0.667,"y":1},"s":[4],"t":38},{"o":{"x":0.167,"y":0.167},"i":{"x":0.833,"y":0.833},"s":[88],"t":50}],"ix":10},"sa":{"a":0,"k":0},"o":{"a":0,"k":100,"ix":11}},"ef":[],"shapes":[{"ty":"gr","bm":0,"cl":"","ln":"","hd":false,"mn":"ADBE Vector Group","nm":"Group 1","ix":1,"cix":2,"np":2,"it":[{"ty":"sh","bm":0,"cl":"","ln":"","hd":false,"mn":"ADBE Vector Shape - Group","nm":"Path 1","ix":1,"d":1,"ks":{"a":0,"k":{"c":false,"i":[[-52.441,12.175],[-77.703,10.693]],"o":[[67.01,-15.558],[97.583,-13.429]],"v":[[-99.445,-97.102],[99.445,97.511]]},"ix":2}},{"ty":"st","bm":0,"cl":"","ln":"","hd":false,"mn":"ADBE Vector Graphic - Stroke","nm":"Stroke 1","lc":2,"lj":2,"ml":1,"o":{"a":0,"k":100,"ix":4},"w":{"a":0,"k":48,"ix":5},"d":[],"c":{"a":0,"k":[0,0,0],"ix":3}},{"ty":"tr","a":{"a":0,"k":[0,0],"ix":1},"s":{"a":0,"k":[100,100],"ix":3},"sk":{"a":0,"k":0,"ix":4},"p":{"a":0,"k":[0,0],"ix":2},"r":{"a":0,"k":0,"ix":6},"sa":{"a":0,"k":0,"ix":5},"o":{"a":0,"k":100,"ix":7}}]}],"ind":10,"parent":2}],"ddd":0,"h":1000,"w":1000,"meta":{"a":"","k":"","d":"","g":"LottieFiles AE 1.0.0","tc":"#000000"},"v":"4.8.0","fr":24,"op":36,"ip":12,"assets":[]}