{
  "project_info": {
    "project_number": "829485169655",
    "project_id": "bmi-calculator-80ba8",
    "storage_bucket": "bmi-calculator-80ba8.appspot.com"
  },
  "client": [
    {
      "client_info": {
        "mobilesdk_app_id": "1:829485169655:android:b7662250be98594914ccf2",
        "android_client_info": {
          "package_name": "com.mitPark.bmicalculator"
        }
      },
      "oauth_client": [
        {
          "client_id": "829485169655-kvfe2ld3kck4ami3u8v2fnvtkbajcv50.apps.googleusercontent.com",
          "client_type": 3
        }
      ],
      "api_key": [
        {
          "current_key": "AIzaSyB4kObOCtrbGcRioL80xVxYAygCKlitxII"
        }
      ],
      "services": {
        "appinvite_service": {
          "other_platform_oauth_client": [
            {
              "client_id": "829485169655-kvfe2ld3kck4ami3u8v2fnvtkbajcv50.apps.googleusercontent.com",
              "client_type": 3
            }
          ]
        }
      }
    }
  ],
  "configuration_version": "1"
}